[
    {
      "Hora Solar": 0,
      "SO2 (µg/m³)": 3,
      "NO2 (µg/m³)": 2,
      "O3 (µg/m³)": 61,
      "Qualitat Aire": "34(O3)",
      "tipoMedicion":"O3"
    },
    {
      "Hora Solar": 1,
      "SO2 (µg/m³)": 3,
      "NO2 (µg/m³)": 2,
      "O3 (µg/m³)": 63,
      "Qualitat Aire": "35(O3)",
      "tipoMedicion":"O3"
    },
    {
      "Hora Solar": 2,
      "SO2 (µg/m³)": 3,
      "NO2 (µg/m³)": 2,
      "O3 (µg/m³)": 63,
      "Qualitat Aire": "35(O3)",
      "tipoMedicion":"O3"
    },
    {
      "Hora Solar": 3,
      "SO2 (µg/m³)": 3,
      "NO2 (µg/m³)": 2,
      "O3 (µg/m³)": 66,
      "Qualitat Aire": "37(O3)",
      "tipoMedicion":"O3"
    },
    {
      "Hora Solar": 4,
      "SO2 (µg/m³)": 3,
      "NO2 (µg/m³)": 2,
      "O3 (µg/m³)": 61,
      "Qualitat Aire": "34(O3)",
      "tipoMedicion":"O3"
    },
    {
      "Hora Solar": 5,
      "SO2 (µg/m³)": 3,
      "NO2 (µg/m³)": 2,
      "O3 (µg/m³)": 57,
      "Qualitat Aire": "32(O3)",
      "tipoMedicion":"O3"
    },
    {
      "Hora Solar": 6,
      "SO2 (µg/m³)": 3,
      "NO2 (µg/m³)": 2,
      "O3 (µg/m³)": 58,
      "Qualitat Aire": "32(O3)",
      "tipoMedicion":"O3"
    },
    {
      "Hora Solar": 7,
      "SO2 (µg/m³)": 3,
      "NO2 (µg/m³)": 2,
      "O3 (µg/m³)": 57,
      "Qualitat Aire": "32(O3)",
      "tipoMedicion":"O3"
    },
    {
      "Hora Solar": 8,
      "SO2 (µg/m³)": 3,
      "NO2 (µg/m³)": 4,
      "O3 (µg/m³)": 54,
      "Qualitat Aire": "30(O3)",
      "tipoMedicion":"O3"
    },
    {
      "Hora Solar": 9,
      "SO2 (µg/m³)": 3,
      "NO2 (µg/m³)": 5,
      "O3 (µg/m³)": 50,
      "Qualitat Aire": "28(O3)",
      "tipoMedicion":"O3"
    },
    {
      "Hora Solar": 10,
      "SO2 (µg/m³)": 3,
      "NO2 (µg/m³)": 5,
      "O3 (µg/m³)": 50,
      "Qualitat Aire": "28(O3)",
      "tipoMedicion":"O3"
    },
    {
      "Hora Solar": 11,
      "SO2 (µg/m³)": 3,
      "NO2 (µg/m³)": 5,
      "O3 (µg/m³)": 51,
      "Qualitat Aire": "28(O3)",
      "tipoMedicion":"O3"
    },
    {
      "Hora Solar": 12,
      "SO2 (µg/m³)": 4,
      "NO2 (µg/m³)": 4,
      "O3 (µg/m³)": 55,
      "Qualitat Aire": "31(O3)",
      "tipoMedicion":"O3"
    },
    {
      "Hora Solar": 13,
      "SO2 (µg/m³)": 3,
      "NO2 (µg/m³)": 6,
      "O3 (µg/m³)": 52,
      "Qualitat Aire": "29(O3)",
      "tipoMedicion":"O3"
    },
    {
      "Hora Solar": 14,
      "SO2 (µg/m³)": 4,
      "NO2 (µg/m³)": 6,
      "O3 (µg/m³)": 54,
      "Qualitat Aire": "30(O3)",
      "tipoMedicion":"O3"
    },
    {
      "Hora Solar": 15,
      "SO2 (µg/m³)": 3,
      "NO2 (µg/m³)": 5,
      "O3 (µg/m³)": 53,
      "Qualitat Aire": "29(O3)",
      "tipoMedicion":"O3"
    },
    {
      "Hora Solar": 16,
      "SO2 (µg/m³)": 3,
      "NO2 (µg/m³)": 5,
      "O3 (µg/m³)": 55,
      "Qualitat Aire": "31(O3)",
      "tipoMedicion":"O3"
    },
    {
      "Hora Solar": 17,
      "SO2 (µg/m³)": 4,
      "NO2 (µg/m³)": 5,
      "O3 (µg/m³)": 56,
      "Qualitat Aire": "31(O3)",
      "tipoMedicion":"O3"
    },
    {
      "Hora Solar": 18,
      "SO2 (µg/m³)": 3,
      "NO2 (µg/m³)": 4,
      "O3 (µg/m³)": 62,
      "Qualitat Aire": "34(O3)",
      "tipoMedicion":"O3"
    },
    {
      "Hora Solar": 19,
      "SO2 (µg/m³)": 3,
      "NO2 (µg/m³)": 2,
      "O3 (µg/m³)": 66,
      "Qualitat Aire": "37(O3)",
      "tipoMedicion":"O3"
    },
    {
      "Hora Solar": 20,
      "SO2 (µg/m³)": 3,
      "NO2 (µg/m³)": 3,
      "O3 (µg/m³)": 68,
      "Qualitat Aire": "38(O3)",
      "tipoMedicion":"O3"
    },
    {
      "Hora Solar": 21,
      "SO2 (µg/m³)": 3,
      "NO2 (µg/m³)": 3,
      "O3 (µg/m³)": 67,
      "Qualitat Aire": "37(O3)",
      "tipoMedicion":"O3"
    },
    {
      "Hora Solar": 22,
      "SO2 (µg/m³)": 3,
      "NO2 (µg/m³)": 3,
      "O3 (µg/m³)": 64,
      "Qualitat Aire": "36(O3)",
      "tipoMedicion":"O3"
    },
    {
      "Hora Solar": 23,
      "SO2 (µg/m³)": 3,
      "NO2 (µg/m³)": 2,
      "O3 (µg/m³)": 63,
      "Qualitat Aire": "35(O3)",
      "tipoMedicion":"O3"
    }
  ]