{"fecha":"17/12/2020","calidadMedia":"Muy buena","mediciones":[{"contaminacion":28,"calidad":"Muy buena"},{"contaminacion":27,"calidad":"Muy buena"},{"contaminacion":28,"calidad":"Muy buena"},{"contaminacion":28,"calidad":"Muy buena"},{"contaminacion":29,"calidad":"Muy buena"},{"contaminacion":29,"calidad":"Muy buena"},{"contaminacion":26,"calidad":"Muy buena"},{"contaminacion":26,"calidad":"Muy buena"},{"contaminacion":29,"calidad":"Muy buena"},{"contaminacion":33,"calidad":"Muy buena"},{"contaminacion":38,"calidad":"Muy buena"},{"contaminacion":42,"calidad":"Muy buena"},{"contaminacion":46,"calidad":"Muy buena"},{"contaminacion":51,"calidad":"Muy buena"}]}